config,rep,load,clean,features,train,total
serial,1,3.279,4.159,0.382,4.936,12.756
serial,2,2.093,4.378,0.355,5.214,12.039
serial,3,2.53,4.275,0.278,4.182,11.265
serial,4,2.453,5.269,0.523,12.27,20.515
serial,5,2.161,3.798,0.367,4.082,10.408
1 workers,1,2.908,1.16,0.428,1.005,5.5
1 workers,2,3.336,1.067,0.511,1.08,5.994
1 workers,3,2.128,1.422,0.436,1.196,5.183
1 workers,4,8.689,1.96,0.399,1.376,12.423
1 workers,5,2.124,1.338,0.558,1.162,5.183
2 workers,1,4.278,1.669,0.602,1.242,7.791
2 workers,2,2.142,0.972,0.415,0.88,4.41
2 workers,3,3.458,1.208,0.5,1.365,6.531
2 workers,4,2.695,1.059,0.509,1.113,5.376
2 workers,5,2.086,0.907,0.375,0.91,4.278
4 workers,1,2.387,0.959,0.438,0.663,4.448
4 workers,2,2.07,0.953,0.441,0.724,4.189
4 workers,3,2.368,1.009,0.512,0.841,4.729
4 workers,4,5.251,2.498,0.556,1.055,9.36
4 workers,5,2.171,0.846,0.451,0.768,4.235
8 workers,1,2.114,0.932,0.432,0.801,4.279
8 workers,2,2.377,1.005,0.52,0.821,4.723
8 workers,3,2.373,0.921,0.436,0.75,4.479
8 workers,4,2.362,1.029,0.471,0.786,4.648
8 workers,5,2.065,1.445,0.482,0.829,4.822
12 workers,1,2.234,1.045,0.429,0.952,4.661
12 workers,2,2.36,1.057,0.536,1.138,5.09
12 workers,3,2.116,0.95,0.499,1.019,4.584
12 workers,4,3.068,1.066,0.395,0.824,5.352
12 workers,5,2.326,0.967,0.402,0.775,4.471
