phase,workers,total_time_s,rows,rmse
multiprocessing,1,6.0760,2000000,5.1424
multiprocessing,1,5.5000,2000000,5.1424
multiprocessing,2,7.7914,2000000,5.1424
multiprocessing,4,4.4476,2000000,5.1424
multiprocessing,8,4.2791,2000000,5.1424
multiprocessing,12,4.6610,2000000,5.1424
multiprocessing,1,5.9940,2000000,5.1424
multiprocessing,2,4.4096,2000000,5.1424
multiprocessing,4,4.1886,2000000,5.1424
multiprocessing,8,4.7230,2000000,5.1424
multiprocessing,12,5.0904,2000000,5.1424
multiprocessing,1,5.1834,2000000,5.1424
multiprocessing,2,6.5306,2000000,5.1424
multiprocessing,4,4.7293,2000000,5.1424
multiprocessing,8,4.4794,2000000,5.1424
multiprocessing,12,4.5836,2000000,5.1424
multiprocessing,1,12.4234,2000000,5.1424
multiprocessing,2,5.3760,2000000,5.1424
multiprocessing,4,9.3602,2000000,5.1424
multiprocessing,8,4.6483,2000000,5.1424
multiprocessing,12,5.3524,2000000,5.1424
multiprocessing,1,5.1830,2000000,5.1424
multiprocessing,2,4.2778,2000000,5.1424
multiprocessing,4,4.2348,2000000,5.1424
multiprocessing,8,4.8218,2000000,5.1424
multiprocessing,12,4.4707,2000000,5.1424
